{
   "mModels" : [
      {
         "mIndices" : [
            0,
            1,
            2,
            0,
            2,
            3,
            4,
            5,
            6,
            4,
            6,
            7,
            8,
            9,
            10,
            8,
            10,
            11,
            12,
            13,
            14,
            12,
            14,
            15,
            16,
            17,
            18,
            16,
            18,
            19,
            20,
            21,
            22,
            20,
            22,
            23
         ],
         "mNormals" : [
            0.5773504376411438,
            -0.5773498415946960,
            -0.5773504376411438,
            0.5773503780364990,
            -0.5773500800132751,
            0.5773503780364990,
            -0.5773502588272095,
            -0.5773502588272095,
            0.5773502588272095,
            -0.5773500800132751,
            -0.5773503780364990,
            -0.5773503780364990,
            0.5773505568504333,
            0.5773502588272095,
            -0.5773500204086304,
            -0.5773500800132751,
            0.5773503780364990,
            -0.5773503780364990,
            -0.5773502588272095,
            0.5773502588272095,
            0.5773502588272095,
            0.5773500800132751,
            0.5773503780364990,
            0.5773503780364990,
            0.5773504376411438,
            -0.5773498415946960,
            -0.5773504376411438,
            0.5773505568504333,
            0.5773502588272095,
            -0.5773500204086304,
            0.5773500800132751,
            0.5773503780364990,
            0.5773503780364990,
            0.5773503780364990,
            -0.5773500800132751,
            0.5773503780364990,
            0.5773503780364990,
            -0.5773500800132751,
            0.5773503780364990,
            0.5773500800132751,
            0.5773503780364990,
            0.5773503780364990,
            -0.5773502588272095,
            0.5773502588272095,
            0.5773502588272095,
            -0.5773502588272095,
            -0.5773502588272095,
            0.5773502588272095,
            -0.5773502588272095,
            -0.5773502588272095,
            0.5773502588272095,
            -0.5773502588272095,
            0.5773502588272095,
            0.5773502588272095,
            -0.5773500800132751,
            0.5773503780364990,
            -0.5773503780364990,
            -0.5773500800132751,
            -0.5773503780364990,
            -0.5773503780364990,
            0.5773505568504333,
            0.5773502588272095,
            -0.5773500204086304,
            0.5773504376411438,
            -0.5773498415946960,
            -0.5773504376411438,
            -0.5773500800132751,
            -0.5773503780364990,
            -0.5773503780364990,
            -0.5773500800132751,
            0.5773503780364990,
            -0.5773503780364990
         ],
         "mUV0" : null,
         "mUV1" : null,
         "mUV2" : null,
         "mUV3" : null,
         "mUV4" : null,
         "mUV5" : null,
         "mUV6" : null,
         "mUV7" : null,
         "mVerticies" : [
            1.0,
            -1.0,
            -1.0,
            1.0,
            -1.0,
            1.0,
            -1.0,
            -1.0,
            1.0,
            -1.0,
            -1.0,
            -1.0,
            1.0,
            1.0,
            -0.9999989867210388,
            -1.0,
            1.0,
            -1.0,
            -1.0,
            1.0,
            1.0,
            0.9999989867210388,
            1.0,
            1.000000953674316,
            1.0,
            -1.0,
            -1.0,
            1.0,
            1.0,
            -0.9999989867210388,
            0.9999989867210388,
            1.0,
            1.000000953674316,
            1.0,
            -1.0,
            1.0,
            1.0,
            -1.0,
            1.0,
            0.9999989867210388,
            1.0,
            1.000000953674316,
            -1.0,
            1.0,
            1.0,
            -1.0,
            -1.0,
            1.0,
            -1.0,
            -1.0,
            1.0,
            -1.0,
            1.0,
            1.0,
            -1.0,
            1.0,
            -1.0,
            -1.0,
            -1.0,
            -1.0,
            1.0,
            1.0,
            -0.9999989867210388,
            1.0,
            -1.0,
            -1.0,
            -1.0,
            -1.0,
            -1.0,
            -1.0,
            1.0,
            -1.0
         ]
      }
   ],
   "mName" : "AssetMagic ModelJSON",
   "mVersion" : 1.0
}
